ANO;nome_uc;qtde_polygons_prodes;sum_area_prodes_ha;qdte_polygons_mapbiomas_alertas;sum_area_mapbiomas_alertas_ha;qdte_firms_modis;qdte_firms_j1_viirs;qdte_firms_suomi_viirs;sum_area_total_ha;cluster;risk_level;risk_category
2004;ESTAÇÃO ECOLÓGICA DA MATA PRETA;23;349,8310075687662;0;0,0;1;0;0;349,8310075687662;2;1;medio
2004;FLORESTA NACIONAL DE CAÇADOR;1;1,0329766569915;0;0,0;0;0;0;1,0329766569915;0;0;baixo
2004;FLORESTA NACIONAL DE CHAPECÓ;1;1,3523485523758;0;0,0;0;0;0;1,3523485523758;0;0;baixo
2004;FLORESTA NACIONAL DE IBIRAMA;4;18,0457833103803;0;0,0;0;0;0;18,0457833103803;0;0;baixo
2004;FLORESTA NACIONAL DE TRÊS BARRAS;0;0,0;0;0,0;1;0;0;0,0;2;1;medio
2004;MONUMENTO NATURAL CACHOEIRA DO AMÂNCIO;1;5,330226908217401;0;0,0;0;0;0;5,330226908217401;0;0;baixo
2004;MONUMENTO NATURAL MUNICIPAL DA LAGOA DO PERI;1;6,392923825442;0;0,0;0;0;0;6,392923825442;0;0;baixo
2004;PARQUE ESTADUAL DA SERRA DO TABULEIRO;28;82,56272941360199;0;0,0;0;0;0;82,56272941360199;0;0;baixo
2004;PARQUE ESTADUAL DO RIO VERMELHO;1;3,7407855872976;0;0,0;0;0;0;3,7407855872976;0;0;baixo
2004;PARQUE ESTADUAL RIO CANOAS;8;48,65437959306;0;0,0;1;0;0;48,65437959306;2;1;medio
2004;PARQUE NACIONAL DA SERRA DO ITAJAÍ;54;152,9540214625194;0;0,0;1;0;0;152,9540214625194;2;1;medio
2004;PARQUE NACIONAL DA SERRA GERAL;13;164,5667763933895;0;0,0;0;0;0;164,5667763933895;0;0;baixo
2004;PARQUE NACIONAL DAS ARAUCÁRIAS;33;460,3566954164911;0;0,0;1;0;0;460,3566954164911;1;2;alto
2004;PARQUE NACIONAL DE APARADOS DA SERRA;13;98,6951177474747;0;0,0;0;0;0;98,6951177474747;0;0;baixo
2004;PARQUE NACIONAL DE SÃO JOAQUIM;20;77,2954099229408;0;0,0;1;0;0;77,2954099229408;2;1;medio
2004;PARQUE NATURAL MUNICIPAL CHAPÉU DAS ÁGUAS;4;7,0810111453664;0;0,0;0;0;0;7,0810111453664;0;0;baixo
2004;PARQUE NATURAL MUNICIPAL MARACAJÁ;1;1,5745663018861;0;0,0;0;0;0;1,5745663018861;0;0;baixo
2004;PARQUE NATURAL MUNICIPAL MORRO DO BAÚ;4;28,8756572013929;0;0,0;0;0;0;28,8756572013929;0;0;baixo
2004;PARQUE NATURAL MUNICIPAL SERRA DE SÃO MIGUEL;1;1,4780547450935;0;0,0;0;0;0;1,4780547450935;0;0;baixo
2004;REFUGIO DA VIDA SILVESTRE NASCENTES DO SAI;12;74,7999733792961;0;0,0;0;0;0;74,7999733792961;0;0;baixo
2004;REFUGIO DE VIDA SILVESTRE MUNICIPAL DO MORRO DO LAMPIÃO;1;13,3747334599795;0;0,0;0;0;0;13,3747334599795;0;0;baixo
2004;REFUGIO DE VIDA SILVESTRE MUNICIPAL MEIEMBIPE;6;38,5231151659815;0;0,0;0;0;0;38,5231151659815;0;0;baixo
2004;REFÚGIO DE VIDA SILVESTRE DE ITAPEMA;3;11,7963946711138;0;0,0;0;0;0;11,7963946711138;0;0;baixo
2004;RESERVA BIOLOGICA ESTADUAL DO SASSAFRAS;3;5,1775377844845;0;0,0;0;0;0;5,1775377844845;0;0;baixo
2004;RESERVA PARTICULAR DO PATRIMÔNIO NATURAL EMILIO EINSFELD FILHO;6;13,4673298383863;0;0,0;0;0;0;13,4673298383863;0;0;baixo
2004;RESERVA PARTICULAR DO PATRIMÔNIO NATURAL ESTADUAL COMPLEXO SERRA DA FAROFA;8;16,9205621262657;0;0,0;0;0;0;16,9205621262657;0;0;baixo
2004;RESERVA PARTICULAR DO PATRIMÔNIO NATURAL FAZENDA SANTA TEREZINHA;3;38,3827168686353;0;0,0;0;0;0;38,3827168686353;0;0;baixo
2004;ÁREA DE PROTEÇÃO AMBIENTAL ANHATOMIRIM;1;3,2671472792336;0;0,0;0;0;0;3,2671472792336;0;0;baixo
2004;ÁREA DE PROTEÇÃO AMBIENTAL DA BALEIA FRANCA;55;600,3433224796207;0;0,0;0;0;0;600,3433224796207;1;2;alto
2004;ÁREA DE PROTEÇÃO AMBIENTAL DA REPRESA ALTO RIO PRETO;95;587,8249936348035;0;0,0;0;0;0;587,8249936348035;1;2;alto
2004;ÁREA DE PROTEÇÃO AMBIENTAL DA VARGEM DO BRAÇO;1;3,3216839795318;0;0,0;0;0;0;3,3216839795318;0;0;baixo
2004;ÁREA DE PROTEÇÃO AMBIENTAL DO ALTO RIO TURVO;15;29,5933697013994;0;0,0;0;0;0;29,5933697013994;0;0;baixo
2004;ÁREA DE PROTEÇÃO AMBIENTAL DO BRILHANTE;5;16,857897565843;0;0,0;0;0;0;16,857897565843;0;0;baixo
2004;ÁREA DE PROTEÇÃO AMBIENTAL DO ENTORNO COSTEIRO;6;23,4113340797308;0;0,0;0;0;0;23,4113340797308;0;0;baixo
2004;ÁREA DE PROTEÇÃO AMBIENTAL DO RIO DOS BUGRES;42;150,2807186224608;0;0,0;0;0;0;150,2807186224608;0;0;baixo
2004;ÁREA DE PROTEÇÃO AMBIENTAL DO RIO VERMELHO;43;129,5518033145929;0;0,0;1;0;0;129,5518033145929;2;1;medio
2004;ÁREA DE PROTEÇÃO AMBIENTAL SERRA DONA FRANCISCA;50;129,4375939026998;0;0,0;0;0;0;129,4375939026998;0;0;baixo
2004;ÁREA DE RELEVANTE INTERESSE ECOLÓGICO DO MORRO DO IRIRIÚ;1;1,8279724475582;0;0,0;0;0;0;1,8279724475582;0;0;baixo
2004;ÁREA DE RELEVANTE INTERESSE ECOLÓGICO SERRA DA ABELHA;3;9,540211234178;0;0,0;0;0;0;9,540211234178;0;0;baixo
2005;PARQUE ESTADUAL RIO CANOAS;0;0,0;0;0,0;1;0;0;0,0;0;0;baixo
2005;ÁREA DE PROTEÇÃO AMBIENTAL DA BALEIA FRANCA;0;0,0;0;0,0;1;0;0;0,0;0;0;baixo
2006;ESTAÇÃO ECOLÓGICA DA MATA PRETA;7;20,4963168043817;0;0,0;0;0;0;20,4963168043817;0;0;baixo
2006;FLORESTA NACIONAL DE CAÇADOR;2;5,190656922700001;0;0,0;0;0;0;5,190656922700001;0;0;baixo
2006;FLORESTA NACIONAL DE TRÊS BARRAS;3;28,3465475654404;0;0,0;0;0;0;28,3465475654404;0;0;baixo
2006;MONUMENTO NATURAL CACHOEIRA DO AMÂNCIO;3;8,486340052430801;0;0,0;0;0;0;8,486340052430801;0;0;baixo
2006;MONUMENTO NATURAL MUNICIPAL DA LAGOA DO PERI;2;3,3675807522657;0;0,0;0;0;0;3,3675807522657;0;0;baixo
2006;PARQUE ESTADUAL DA SERRA DO TABULEIRO;33;103,954577384807;0;0,0;1;0;0;103,954577384807;0;0;baixo
2006;PARQUE ESTADUAL DA SERRA FURADA;1;1,4265977135094;0;0,0;0;0;0;1,4265977135094;0;0;baixo
2006;PARQUE ESTADUAL DO RIO VERMELHO;3;7,9235096200885;0;0,0;0;0;0;7,9235096200885;0;0;baixo
2006;PARQUE ESTADUAL RIO CANOAS;3;217,360277095968;0;0,0;0;0;0;217,360277095968;0;0;baixo
2006;PARQUE NACIONAL DA SERRA DO ITAJAÍ;61;156,7426196676751;0;0,0;0;0;0;156,7426196676751;0;0;baixo
2006;PARQUE NACIONAL DA SERRA GERAL;7;23,4797519775473;0;0,0;0;0;0;23,4797519775473;0;0;baixo
2006;PARQUE NACIONAL DAS ARAUCÁRIAS;22;138,4514027564427;0;0,0;0;0;0;138,4514027564427;0;0;baixo
2006;PARQUE NACIONAL DE APARADOS DA SERRA;3;5,8879762856476;0;0,0;4;0;0;5,8879762856476;2;1;medio
2006;PARQUE NACIONAL DE SÃO JOAQUIM;12;27,098663396485;0;0,0;3;0;0;27,098663396485;2;1;medio
2006;PARQUE NATURAL MUNICIPAL ARMANDO ROSA;1;1,7458044546291;0;0,0;0;0;0;1,7458044546291;0;0;baixo
2006;PARQUE NATURAL MUNICIPAL DO MORRO DA CRUZ;1;3,5620648881536;0;0,0;0;0;0;3,5620648881536;0;0;baixo
2006;PARQUE NATURAL MUNICIPAL MORRO DO BAÚ;10;27,6746637289279;0;0,0;0;0;0;27,6746637289279;0;0;baixo
2006;REFUGIO DA VIDA SILVESTRE NASCENTES DO SAI;9;23,0560051846888;0;0,0;0;0;0;23,0560051846888;0;0;baixo
2006;REFUGIO DE VIDA SILVESTRE MUNICIPAL MEIEMBIPE;3;5,2789552240223;0;0,0;0;0;0;5,2789552240223;0;0;baixo
2006;REFÚGIO DE VIDA SILVESTRE DE ITAPEMA;2;7,630064961436601;0;0,0;0;0;0;7,630064961436601;0;0;baixo
2006;RESERVA BIOLOGICA ESTADUAL DO SASSAFRAS;4;5,3447312653293;0;0,0;0;0;0;5,3447312653293;0;0;baixo
2006;RESERVA PARTICULAR DO PATRIMONIO NATURAL ESTADUAL DAS CASCATAS;1;1,0114072557921;0;0,0;0;0;0;1,0114072557921;0;0;baixo
2006;RESERVA PARTICULAR DO PATRIMÔNIO NATURAL BIO ESTAÇÃO ÁGUAS CRISTALINAS;1;1,469314302072;0;0,0;0;0;0;1,469314302072;0;0;baixo
2006;RESERVA PARTICULAR DO PATRIMÔNIO NATURAL CACHOEIRA DA IMBUIA;2;30,8897701308434;0;0,0;0;0;0;30,8897701308434;0;0;baixo
2006;RESERVA PARTICULAR DO PATRIMÔNIO NATURAL EMILIO EINSFELD FILHO;3;3154,649172224249;0;0,0;0;0;0;3154,649172224249;1;2;alto
2006;RESERVA PARTICULAR DO PATRIMÔNIO NATURAL ESTADUAL COMPLEXO SERRA DA FAROFA;3;5,5482023247797;0;0,0;0;0;0;5,5482023247797;0;0;baixo
2006;RESERVA PARTICULAR DO PATRIMÔNIO NATURAL ESTADUAL NATUREZA VIVA BRF;1;3,5853098577459;0;0,0;0;0;0;3,5853098577459;0;0;baixo
2006;RESERVA PARTICULAR DO PATRIMÔNIO NATURAL ESTADUAL PALEOTOCA SERRA LAURENTINO;1;1,0783413570015;0;0,0;0;0;0;1,0783413570015;0;0;baixo
2006;RESERVA PARTICULAR DO PATRIMÔNIO NATURAL ODIR ZANELATTO;1;2,2754376750767;0;0,0;0;0;0;2,2754376750767;0;0;baixo
2006;RESERVA PARTICULAR DO PATRIMÔNIO NATURAL PORTO FRANCO;1;4,7392391273787;0;0,0;0;0;0;4,7392391273787;0;0;baixo
2006;ÁREA DE PROTEÇÃO AMBIENTAL ANHATOMIRIM;1;3,3780026284188;0;0,0;0;0;0;3,3780026284188;0;0;baixo
2006;ÁREA DE PROTEÇÃO AMBIENTAL ARROIO MACACO;1;2,8784632042888;0;0,0;0;0;0;2,8784632042888;0;0;baixo
2006;ÁREA DE PROTEÇÃO AMBIENTAL DA BALEIA FRANCA;35;198,341470340701;0;0,0;0;0;0;198,341470340701;0;0;baixo
2006;ÁREA DE PROTEÇÃO AMBIENTAL DA REPRESA ALTO RIO PRETO;69;281,4695432806198;0;0,0;3;0;0;281,4695432806198;2;1;medio
2006;ÁREA DE PROTEÇÃO AMBIENTAL DA VARGEM DO BRAÇO;2;2,2511137163634;0;0,0;0;0;0;2,2511137163634;0;0;baixo
2006;ÁREA DE PROTEÇÃO AMBIENTAL DO ALTO RIO TURVO;9;21,4954144985896;0;0,0;0;0;0;21,4954144985896;0;0;baixo
2006;ÁREA DE PROTEÇÃO AMBIENTAL DO BRILHANTE;4;7,7542602083252;0;0,0;0;0;0;7,7542602083252;0;0;baixo
2006;ÁREA DE PROTEÇÃO AMBIENTAL DO ENTORNO COSTEIRO;13;43,2076019566084;0;0,0;0;0;0;43,2076019566084;0;0;baixo
2006;ÁREA DE PROTEÇÃO AMBIENTAL DO RIO DOS BUGRES;31;101,1591706260369;0;0,0;0;0;0;101,1591706260369;0;0;baixo
2006;ÁREA DE PROTEÇÃO AMBIENTAL DO RIO VERMELHO;25;51,94216080722379;0;0,0;1;0;0;51,94216080722379;0;0;baixo
2006;ÁREA DE PROTEÇÃO AMBIENTAL SERRA DONA FRANCISCA;15;75,1835861770823;0;0,0;0;0;0;75,1835861770823;0;0;baixo
2006;ÁREA DE RELEVANTE INTERESSE ECOLÓGICO DO MORRO DO IRIRIÚ;2;4,8368227794614;0;0,0;0;0;0;4,8368227794614;0;0;baixo
2006;ÁREA DE RELEVANTE INTERESSE ECOLÓGICO SERRA DA ABELHA;44;171,6443709899272;0;0,0;0;0;0;171,6443709899272;0;0;baixo
2007;PARQUE NACIONAL DA SERRA DO ITAJAÍ;0;0,0;0;0,0;1;0;0;0,0;0;0;baixo
2007;PARQUE NACIONAL DE SÃO JOAQUIM;0;0,0;0;0,0;4;0;0;0,0;1;1;medio
2007;PARQUE NATURAL MUNICIPAL CHAPÉU DAS ÁGUAS;0;0,0;0;0,0;1;0;0;0,0;0;0;baixo
2007;ÁREA DE PROTEÇÃO AMBIENTAL DA BALEIA FRANCA;0;0,0;0;0,0;1;0;0;0,0;0;0;baixo
2007;ÁREA DE PROTEÇÃO AMBIENTAL DA REPRESA ALTO RIO PRETO;0;0,0;0;0,0;4;0;0;0,0;1;1;medio
2007;ÁREA DE PROTEÇÃO AMBIENTAL DO RIO DOS BUGRES;0;0,0;0;0,0;1;0;0;0,0;0;0;baixo
2008;ESTAÇÃO ECOLÓGICA DA MATA PRETA;3;4,9431685559419;0;0,0;0;0;0;4,9431685559419;0;0;baixo
2008;MONUMENTO NATURAL CACHOEIRA DO AMÂNCIO;3;6,3718722999099;0;0,0;0;0;0;6,3718722999099;0;0;baixo
2008;PARQUE ESTADUAL ACARAI;1;4,8016602081213;0;0,0;0;0;0;4,8016602081213;0;0;baixo
2008;PARQUE ESTADUAL DA SERRA DO TABULEIRO;14;107,7182045533988;0;0,0;0;0;0;107,7182045533988;0;0;baixo
2008;PARQUE ESTADUAL RIO CANOAS;4;23,320513404054;0;0,0;0;0;0;23,320513404054;0;0;baixo
2008;PARQUE NACIONAL DA SERRA DO ITAJAÍ;35;92,98517721981649;0;0,0;0;0;0;92,98517721981649;0;0;baixo
2008;PARQUE NACIONAL DA SERRA GERAL;4;36,8998581165812;0;0,0;0;0;0;36,8998581165812;0;0;baixo
2008;PARQUE NACIONAL DAS ARAUCÁRIAS;21;195,3875025405987;0;0,0;0;0;0;195,3875025405987;0;0;baixo
2008;PARQUE NACIONAL DE APARADOS DA SERRA;1;1,0022991915995;0;0,0;1;0;0;1,0022991915995;2;1;medio
2008;PARQUE NACIONAL DE SÃO JOAQUIM;3;5,880054349899099;0;0,0;0;0;0;5,880054349899099;0;0;baixo
2008;PARQUE NATURAL MUNICIPAL CHAPÉU DAS ÁGUAS;0;0,0;0;0,0;1;0;0;0,0;2;1;medio
2008;PARQUE NATURAL MUNICIPAL DO MACIÇO DA COSTEIRA;2;4,3424228108881;0;0,0;0;0;0;4,3424228108881;0;0;baixo
2008;PARQUE NATURAL MUNICIPAL DO MORRO DA CRUZ;2;2,8098022262813;0;0,0;0;0;0;2,8098022262813;0;0;baixo
2008;PARQUE NATURAL MUNICIPAL MORRO DO BAÚ;4;5,4850888437067;0;0,0;0;0;0;5,4850888437067;0;0;baixo
2008;PARQUE NATURAL MUNICIPAL RAIMUNDO GONÇALEZ MALTA;1;1,6173056431522;0;0,0;0;0;0;1,6173056431522;0;0;baixo
2008;PARQUE NATURAL MUNICIPAL RIO PIÇARRAS;2;2,5246083882092;0;0,0;0;0;0;2,5246083882092;0;0;baixo
2008;PARQUE NATURAL MUNICIPAL SERRA DE SÃO MIGUEL;1;2,3399909688184;0;0,0;0;0;0;2,3399909688184;0;0;baixo
2008;REFUGIO DA VIDA SILVESTRE NASCENTES DO SAI;1;1,0589654510297;0;0,0;0;0;0;1,0589654510297;0;0;baixo
2008;REFUGIO DE VIDA SILVESTRE MUNICIPAL MEIEMBIPE;2;6,2300050725117;0;0,0;0;0;0;6,2300050725117;0;0;baixo
2008;REFÚGIO DE VIDA SILVESTRE DE ITAPEMA;11;27,5835031596712;0;0,0;0;0;0;27,5835031596712;0;0;baixo
2008;RESERVA BIOLOGICA ESTADUAL DO SASSAFRAS;4;6,788226868638099;0;0,0;0;0;0;6,788226868638099;0;0;baixo
2008;RESERVA PARTICULAR DO PATRIMÔNIO NATURAL EMILIO EINSFELD FILHO;4;1017,349564685562;0;0,0;0;0;0;1017,349564685562;1;2;alto
2008;RESERVA PARTICULAR DO PATRIMÔNIO NATURAL ESTADUAL RESERVA AMBIENTAL S, SANTOS;1;1,5903260846102;0;0,0;0;0;0;1,5903260846102;0;0;baixo
2008;RESERVA PARTICULAR DO PATRIMÔNIO NATURAL PORTO FRANCO;1;1,553279444363;0;0,0;0;0;0;1,553279444363;0;0;baixo
2008;RESERVA PARTICULAR DO PATRIMÔNIO NATURAL RASO DO MANDI II;1;1,2217089614668;0;0,0;0;0;0;1,2217089614668;0;0;baixo
2008;ÁREA DE PROTEÇÃO AMBIENTAL ANHATOMIRIM;3;8,0850117921717;0;0,0;0;0;0;8,0850117921717;0;0;baixo
2008;ÁREA DE PROTEÇÃO AMBIENTAL DA PONTA DO ARAÇÁ;1;6,556738219817499;0;0,0;0;0;0;6,556738219817499;0;0;baixo
2008;ÁREA DE PROTEÇÃO AMBIENTAL DA REPRESA ALTO RIO PRETO;22;76,0094980001223;0;0,0;2;0;0;76,0094980001223;2;1;medio
2008;ÁREA DE PROTEÇÃO AMBIENTAL DA VARGEM DO BRAÇO;1;3,0790387311359;0;0,0;0;0;0;3,0790387311359;0;0;baixo
2008;ÁREA DE PROTEÇÃO AMBIENTAL DO ALTO RIO TURVO;2;5,197273010048701;0;0,0;0;0;0;5,197273010048701;0;0;baixo
2008;ÁREA DE PROTEÇÃO AMBIENTAL DO BRILHANTE;6;18,9419611800984;0;0,0;0;0;0;18,9419611800984;0;0;baixo
2008;ÁREA DE PROTEÇÃO AMBIENTAL DO ENTORNO COSTEIRO;2;7,528170299707601;0;0,0;0;0;0;7,528170299707601;0;0;baixo
2008;ÁREA DE PROTEÇÃO AMBIENTAL DO RIO DOS BUGRES;3;5,2309641223179;0;0,0;0;0;0;5,2309641223179;0;0;baixo
2008;ÁREA DE PROTEÇÃO AMBIENTAL DO RIO VERMELHO;8;25,0658620746859;0;0,0;0;0;0;25,0658620746859;0;0;baixo
2008;ÁREA DE PROTEÇÃO AMBIENTAL DOS GUAIAMUNS;1;2,6811127274535;0;0,0;0;0;0;2,6811127274535;0;0;baixo
2008;ÁREA DE PROTEÇÃO AMBIENTAL SERRA DONA FRANCISCA;7;13,1342186906617;0;0,0;0;0;0;13,1342186906617;0;0;baixo
2008;ÁREA DE RELEVANTE INTERESSE ECOLÓGICO SERRA DA ABELHA;36;113,223376593773;0;0,0;0;0;0;113,223376593773;0;0;baixo
2009;PARQUE NACIONAL DA SERRA GERAL;0;0,0;0;0,0;2;0;0;0,0;0;1;medio
2009;PARQUE NACIONAL DE SÃO JOAQUIM;0;0,0;0;0,0;1;0;0;0,0;1;0;baixo
2009;ÁREA DE PROTEÇÃO AMBIENTAL DA REPRESA ALTO RIO PRETO;0;0,0;0;0,0;2;0;0;0,0;0;1;medio
2009;ÁREA DE RELEVANTE INTERESSE ECOLÓGICO SERRA DA ABELHA;0;0,0;0;0,0;2;0;0;0,0;0;1;medio
2010;ESTAÇÃO ECOLÓGICA DA MATA PRETA;3;6,1181847318031;0;0,0;0;0;0;6,1181847318031;0;0;baixo
2010;FLORESTA NACIONAL DE CAÇADOR;1;2,4360287983462;0;0,0;0;0;0;2,4360287983462;0;0;baixo
2010;FLORESTA NACIONAL DE TRÊS BARRAS;0;0,0;0;0,0;3;0;0;0,0;0;0;baixo
2010;MONUMENTO NATURAL MUNICIPAL DA LAGOA DO PERI;2;5,1729628928255;0;0,0;0;0;0;5,1729628928255;0;0;baixo
2010;PARQUE ESTADUAL ACARAI;1;1,4832453451658;0;0,0;0;0;0;1,4832453451658;0;0;baixo
2010;PARQUE ESTADUAL DA SERRA DO TABULEIRO;26;241,4983465828408;0;0,0;0;0;0;241,4983465828408;2;1;medio
2010;PARQUE ESTADUAL DO RIO VERMELHO;1;7,3762748239698;0;0,0;0;0;0;7,3762748239698;0;0;baixo
2010;PARQUE NACIONAL DA SERRA DO ITAJAÍ;4;16,1889721202998;0;0,0;0;0;0;16,1889721202998;0;0;baixo
2010;PARQUE NACIONAL DA SERRA GERAL;7;110,1815608761839;0;0,0;0;0;0;110,1815608761839;0;0;baixo
2010;PARQUE NACIONAL DAS ARAUCÁRIAS;11;91,44296435267022;0;0,0;0;0;0;91,44296435267022;0;0;baixo
2010;PARQUE NACIONAL DE APARADOS DA SERRA;10;63,61934358505719;0;0,0;0;0;0;63,61934358505719;0;0;baixo
2010;PARQUE NACIONAL DE SÃO JOAQUIM;20;312,9508117588309;0;0,0;1;0;0;312,9508117588309;1;2;alto
2010;PARQUE NATURAL MUNICIPAL ARMANDO ROSA;1;1,6920078333025;0;0,0;0;0;0;1,6920078333025;0;0;baixo
2010;PARQUE NATURAL MUNICIPAL DO MACIÇO DA COSTEIRA;1;2,4458835834685;0;0,0;0;0;0;2,4458835834685;0;0;baixo
2010;PARQUE NATURAL MUNICIPAL MORRO DO BAÚ;3;8,2826222744983;0;0,0;0;0;0;8,2826222744983;0;0;baixo
2010;PARQUE NATURAL MUNICIPAL RIO PIÇARRAS;1;2,9794286898417;0;0,0;0;0;0;2,9794286898417;0;0;baixo
2010;PARQUE NATURAL MUNICIPAL SERRA DE SÃO MIGUEL;3;6,2777660593845;0;0,0;0;0;0;6,2777660593845;0;0;baixo
2010;REFUGIO DA VIDA SILVESTRE NASCENTES DO SAI;1;2,1301322484831;0;0,0;0;0;0;2,1301322484831;0;0;baixo
2010;REFUGIO DE VIDA SILVESTRE MUNICIPAL MEIEMBIPE;4;8,963904606756799;0;0,0;0;0;0;8,963904606756799;0;0;baixo
2010;RESERVA BIOLOGICA ESTADUAL DO SASSAFRAS;2;5,7862622738377;0;0,0;0;0;0;5,7862622738377;0;0;baixo
2010;RESERVA PARTICULAR DO PATRIMÔNIO NATURAL CAETEZAL;1;2,2746007389492;0;0,0;0;0;0;2,2746007389492;0;0;baixo
2010;RESERVA PARTICULAR DO PATRIMÔNIO NATURAL EMILIO EINSFELD FILHO;1;1,339910014288;0;0,0;0;0;0;1,339910014288;0;0;baixo
2010;RESERVA PARTICULAR DO PATRIMÔNIO NATURAL ESTADUAL COMPLEXO SERRA DA FAROFA;3;11,3145398748886;0;0,0;0;0;0;11,3145398748886;0;0;baixo
2010;ÁREA DE PROTEÇÃO AMBIENTAL DA BALEIA FRANCA;34;262,8573798773898;0;0,0;2;0;0;262,8573798773898;1;2;alto
2010;ÁREA DE PROTEÇÃO AMBIENTAL DA REPRESA ALTO RIO PRETO;17;45,6553587129585;0;0,0;0;0;0;45,6553587129585;0;0;baixo
2010;ÁREA DE PROTEÇÃO AMBIENTAL DO ALTO RIO TURVO;4;6,946550732364799;0;0,0;0;0;0;6,946550732364799;0;0;baixo
2010;ÁREA DE PROTEÇÃO AMBIENTAL DO BRILHANTE;1;2,5506810337895;0;0,0;0;0;0;2,5506810337895;0;0;baixo
2010;ÁREA DE PROTEÇÃO AMBIENTAL DO ENTORNO COSTEIRO;11;26,38070087216609;0;0,0;0;0;0;26,38070087216609;0;0;baixo
2010;ÁREA DE PROTEÇÃO AMBIENTAL DO RIO DOS BUGRES;18;39,1404906423141;0;0,0;0;0;0;39,1404906423141;0;0;baixo
2010;ÁREA DE PROTEÇÃO AMBIENTAL DO RIO VERMELHO;10;16,1215620783351;0;0,0;0;0;0;16,1215620783351;0;0;baixo
2010;ÁREA DE PROTEÇÃO AMBIENTAL SERRA DONA FRANCISCA;21;89,0094577385671;0;0,0;0;0;0;89,0094577385671;0;0;baixo
2010;ÁREA DE RELEVANTE INTERESSE ECOLÓGICO DO MORRO DO IRIRIÚ;1;1,60850804585;0;0,0;0;0;0;1,60850804585;0;0;baixo
2010;ÁREA DE RELEVANTE INTERESSE ECOLÓGICO SERRA DA ABELHA;1;1,9103729009911;0;0,0;0;0;0;1,9103729009911;0;0;baixo
2011;PARQUE ESTADUAL DA SERRA DO TABULEIRO;10;18,5739009518395;0;0,0;0;0;0;18,5739009518395;2;1;medio
2011;PARQUE ESTADUAL DA SERRA FURADA;1;1,3383860102964;0;0,0;0;0;0;1,3383860102964;0;0;baixo
2011;PARQUE NACIONAL DA SERRA DO ITAJAÍ;4;6,5822704107229;0;0,0;0;0;0;6,5822704107229;0;0;baixo
2011;PARQUE NACIONAL DAS ARAUCÁRIAS;3;8,117089963437099;0;0,0;0;0;0;8,117089963437099;0;0;baixo
2011;PARQUE NACIONAL DE APARADOS DA SERRA;1;13,2261316993604;0;0,0;0;0;0;13,2261316993604;0;0;baixo
2011;PARQUE NATURAL MUNICIPAL MORRO DO BAÚ;2;2,3241914851752;0;0,0;0;0;0;2,3241914851752;0;0;baixo
2011;REFUGIO DA VIDA SILVESTRE NASCENTES DO SAI;1;3,3655848769951;0;0,0;0;0;0;3,3655848769951;0;0;baixo
2011;RESERVA PARTICULAR DO PATRIMÔNIO NATURAL EMILIO EINSFELD FILHO;10;84,33563875202309;0;0,0;0;0;0;84,33563875202309;2;1;medio
2011;RESERVA PARTICULAR DO PATRIMÔNIO NATURAL ODIR ZANELATTO;1;1,902041362614;0;0,0;0;0;0;1,902041362614;0;0;baixo
2011;RESERVA PARTICULAR DO PATRIMÔNIO NATURAL RASO DO MANDI;1;1,902041362614;0;0,0;0;0;0;1,902041362614;0;0;baixo
2011;ÁREA DE PROTEÇÃO AMBIENTAL DA BALEIA FRANCA;13;155,7035912149773;0;0,0;3;0;0;155,7035912149773;1;2;alto
2011;ÁREA DE PROTEÇÃO AMBIENTAL DA REPRESA ALTO RIO PRETO;3;7,7304478528006;0;0,0;0;0;0;7,7304478528006;0;0;baixo
2011;ÁREA DE PROTEÇÃO AMBIENTAL DO ENTORNO COSTEIRO;2;2,6548910296799;0;0,0;0;0;0;2,6548910296799;0;0;baixo
2011;ÁREA DE PROTEÇÃO AMBIENTAL SERRA DONA FRANCISCA;2;3,3233070843703;0;0,0;0;0;0;3,3233070843703;0;0;baixo
2011;ÁREA DE RELEVANTE INTERESSE ECOLÓGICO SERRA DA ABELHA;13;25,700525958972;0;0,0;0;0;0;25,700525958972;2;1;medio
2012;PARQUE ESTADUAL DA SERRA DO TABULEIRO;0;0,0;0;0,0;8;0;1;0,0;2;2;alto
2012;PARQUE NACIONAL DA SERRA GERAL;0;0,0;0;0,0;1;0;1;0,0;0;1;medio
2012;PARQUE NACIONAL DE SÃO JOAQUIM;0;0,0;0;0,0;4;0;0;0,0;1;0;baixo
2012;ÁREA DE PROTEÇÃO AMBIENTAL DA BALEIA FRANCA;0;0,0;0;0,0;2;0;1;0,0;0;1;medio
2012;ÁREA DE PROTEÇÃO AMBIENTAL DA REPRESA ALTO RIO PRETO;0;0,0;0;0,0;3;0;2;0,0;0;1;medio
2012;ÁREA DE PROTEÇÃO AMBIENTAL DO ENTORNO COSTEIRO;0;0,0;0;0,0;1;0;0;0,0;1;0;baixo
2013;PARQUE ESTADUAL DA SERRA DO TABULEIRO;7;37,6137861336288;0;0,0;0;0;0;37,6137861336288;1;0;baixo
2013;PARQUE NACIONAL DA SERRA DO ITAJAÍ;1;2,0458660591096;0;0,0;0;0;0;2,0458660591096;1;0;baixo
2013;PARQUE NACIONAL DA SERRA GERAL;1;5,3202423208144;0;0,0;0;0;0;5,3202423208144;1;0;baixo
2013;PARQUE NACIONAL DAS ARAUCÁRIAS;4;8,0510285311108;0;0,0;0;0;1;8,0510285311108;1;0;baixo
2013;PARQUE NACIONAL DE SÃO JOAQUIM;6;39,3134873911832;0;0,0;1;0;0;39,3134873911832;1;0;baixo
2013;PARQUE NATURAL MUNICIPAL DO MACIÇO DA COSTEIRA;1;3,7246341971918;0;0,0;0;0;0;3,7246341971918;1;0;baixo
2013;PARQUE NATURAL MUNICIPAL MORRO DO BAÚ;2;4,0967120666874;0;0,0;0;0;0;4,0967120666874;1;0;baixo
2013;PARQUE NATURAL MUNICIPAL SERRA DE SÃO MIGUEL;2;14,8283626176406;0;0,0;0;0;0;14,8283626176406;1;0;baixo
2013;RESERVA BIOLOGICA ESTADUAL DO SASSAFRAS;1;2,0236140004223;0;0,0;0;0;0;2,0236140004223;1;0;baixo
2013;ÁREA DE PROTEÇÃO AMBIENTAL DA BALEIA FRANCA;22;362,7802130938735;0;0,0;2;0;2;362,7802130938735;0;2;alto
2013;ÁREA DE PROTEÇÃO AMBIENTAL DA REPRESA ALTO RIO PRETO;1;2,7059762740552;0;0,0;1;0;1;2,7059762740552;1;0;baixo
2013;ÁREA DE PROTEÇÃO AMBIENTAL DO ALTO RIO TURVO;6;18,6461381393474;0;0,0;0;0;0;18,6461381393474;1;0;baixo
2013;ÁREA DE PROTEÇÃO AMBIENTAL DO ENTORNO COSTEIRO;8;50,4025248592943;0;0,0;0;0;0;50,4025248592943;1;0;baixo
2013;ÁREA DE PROTEÇÃO AMBIENTAL DO RIO VERMELHO;2;5,636166994524499;0;0,0;0;0;0;5,636166994524499;1;0;baixo
2013;ÁREA DE PROTEÇÃO AMBIENTAL SERRA DONA FRANCISCA;19;70,0777894203591;0;0,0;0;0;0;70,0777894203591;2;1;medio
2013;ÁREA DE RELEVANTE INTERESSE ECOLÓGICO DO MORRO DO IRIRIÚ;1;1,7716199136703;0;0,0;0;0;0;1,7716199136703;1;0;baixo
2013;ÁREA DE RELEVANTE INTERESSE ECOLÓGICO SERRA DA ABELHA;10;24,0281666856597;0;0,0;0;0;0;24,0281666856597;1;0;baixo
2014;PARQUE ESTADUAL ACARAI;1;3,9075898188929;0;0,0;0;0;0;3,9075898188929;1;0;baixo
2014;PARQUE ESTADUAL DA SERRA DO TABULEIRO;9;43,662996621105;0;0,0;1;0;1;43,662996621105;2;1;medio
2014;PARQUE NACIONAL DA SERRA DO ITAJAÍ;1;1,1076717787932;0;0,0;0;0;0;1,1076717787932;1;0;baixo
2014;PARQUE NACIONAL DAS ARAUCÁRIAS;1;1,6780488538409;0;0,0;2;0;0;1,6780488538409;1;0;baixo
2014;PARQUE NACIONAL DE SÃO JOAQUIM;2;7,217667073408;0;0,0;0;0;1;7,217667073408;1;0;baixo
2014;PARQUE NATURAL MUNICIPAL MORRO DO BAÚ;3;5,1968497392695;0;0,0;0;0;0;5,1968497392695;1;0;baixo
2014;REFUGIO DA VIDA SILVESTRE NASCENTES DO SAI;4;20,2544248543272;0;0,0;0;0;0;20,2544248543272;1;0;baixo
2014;RESERVA DE DESENVOLVIMENTO SUSTENTÁVEL DA ILHA DO MORRO DO AMARAL;1;5,9191252626441;0;0,0;0;0;0;5,9191252626441;1;0;baixo
2014;ÁREA DE PROTEÇÃO AMBIENTAL DA BALEIA FRANCA;6;40,8040732629964;0;0,0;1;0;1;40,8040732629964;2;1;medio
2014;ÁREA DE PROTEÇÃO AMBIENTAL DA REPRESA ALTO RIO PRETO;11;35,2323823043141;0;0,0;0;0;0;35,2323823043141;0;2;alto
2014;ÁREA DE PROTEÇÃO AMBIENTAL DO ALTO RIO TURVO;8;37,8306401165855;0;0,0;0;0;0;37,8306401165855;0;2;alto
2014;ÁREA DE PROTEÇÃO AMBIENTAL DO BRILHANTE;1;1,509854205817;0;0,0;0;0;0;1,509854205817;1;0;baixo
2014;ÁREA DE PROTEÇÃO AMBIENTAL DO ENTORNO COSTEIRO;3;10,3105288147351;0;0,0;0;0;0;10,3105288147351;1;0;baixo
2014;ÁREA DE PROTEÇÃO AMBIENTAL DO RIO DOS BUGRES;12;44,1249463529531;0;0,0;1;0;0;44,1249463529531;0;2;alto
2014;ÁREA DE PROTEÇÃO AMBIENTAL DO RIO VERMELHO;22;84,46537640427792;0;0,0;0;0;0;84,46537640427792;0;2;alto
2014;ÁREA DE PROTEÇÃO AMBIENTAL SERRA DONA FRANCISCA;7;13,2816083815977;0;0,0;2;0;0;13,2816083815977;1;0;baixo
2014;ÁREA DE RELEVANTE INTERESSE ECOLÓGICO SERRA DA ABELHA;1;2,5772486246086;0;0,0;0;0;0;2,5772486246086;1;0;baixo
2015;ÁREA DE PROTEÇÃO AMBIENTAL DA BALEIA FRANCA;0;0,0;0;0,0;0;0;3;0,0;0;0;baixo
2016;ESTAÇÃO ECOLÓGICA DA MATA PRETA;2;5,9546393901451;0;0,0;1;0;0;5,9546393901451;0;0;baixo
2016;FLORESTA NACIONAL DE CAÇADOR;1;3,9866358555185;0;0,0;0;0;0;3,9866358555185;0;0;baixo
2016;FLORESTA NACIONAL DE TRÊS BARRAS;2;2,5242338785096;0;0,0;0;0;0;2,5242338785096;0;0;baixo
2016;PARQUE ESTADUAL ACARAI;1;1,5448013510242;0;0,0;0;0;0;1,5448013510242;0;0;baixo
2016;PARQUE ESTADUAL DA SERRA DO TABULEIRO;13;31,0866673685941;0;0,0;2;0;0;31,0866673685941;1;2;alto
2016;PARQUE NACIONAL DA SERRA DO ITAJAÍ;2;5,5233912694042;0;0,0;0;0;0;5,5233912694042;0;0;baixo
2016;PARQUE NACIONAL DAS ARAUCÁRIAS;6;46,2730974765455;0;0,0;0;0;0;46,2730974765455;1;2;alto
2016;PARQUE NACIONAL DE APARADOS DA SERRA;1;16,3447555950107;0;0,0;1;0;0;16,3447555950107;0;0;baixo
2016;PARQUE NACIONAL DE SÃO JOAQUIM;7;24,2969802727952;0;0,0;4;0;3;24,2969802727952;2;1;medio
2016;PARQUE NATURAL MUNICIPAL CAMINHO DO PEABIRU;1;2,9646729866203;0;0,0;0;0;0;2,9646729866203;0;0;baixo
2016;PARQUE NATURAL MUNICIPAL SERRA DE SÃO MIGUEL;1;3,133226808962;0;0,0;0;0;0;3,133226808962;0;0;baixo
2016;REFUGIO DA VIDA SILVESTRE NASCENTES DO SAI;2;2,6051071416721;0;0,0;0;0;0;2,6051071416721;0;0;baixo
2016;REFUGIO DE VIDA SILVESTRE MUNICIPAL MEIEMBIPE;1;2,1706315454855;0;0,0;0;0;0;2,1706315454855;0;0;baixo
2016;REFÚGIO DE VIDA SILVESTRE DE ITAPEMA;2;4,001453341636;0;0,0;0;0;0;4,001453341636;0;0;baixo
2016;RESERVA PARTICULAR DO PATRIMÔNIO NATURAL EMILIO EINSFELD FILHO;2;39,0874748695417;0;0,0;0;0;0;39,0874748695417;1;2;alto
2016;RESERVA PARTICULAR DO PATRIMÔNIO NATURAL ESTADUAL DO SISSIAL;2;4,0104891802785;0;0,0;0;0;0;4,0104891802785;0;0;baixo
2016;ÁREA DE PROTEÇÃO AMBIENTAL DA BALEIA FRANCA;6;50,63892651870569;0;0,0;0;0;1;50,63892651870569;1;2;alto
2016;ÁREA DE PROTEÇÃO AMBIENTAL DA REPRESA ALTO RIO PRETO;8;27,6132833486318;0;0,0;0;0;1;27,6132833486318;1;2;alto
2016;ÁREA DE PROTEÇÃO AMBIENTAL DO ALTO RIO TURVO;1;3,4377825185276;0;0,0;0;0;0;3,4377825185276;0;0;baixo
2016;ÁREA DE PROTEÇÃO AMBIENTAL DO ENTORNO COSTEIRO;5;16,2845283478891;0;0,0;0;0;0;16,2845283478891;0;0;baixo
2016;ÁREA DE PROTEÇÃO AMBIENTAL DO RIO DOS BUGRES;3;5,2736592563063;0;0,0;0;0;0;5,2736592563063;0;0;baixo
2016;ÁREA DE PROTEÇÃO AMBIENTAL DO RIO VERMELHO;2;5,154770261874099;0;0,0;0;0;0;5,154770261874099;0;0;baixo
2016;ÁREA DE PROTEÇÃO AMBIENTAL SERRA DONA FRANCISCA;1;2,0920888549787;0;0,0;0;0;0;2,0920888549787;0;0;baixo
2016;ÁREA DE RELEVANTE INTERESSE ECOLÓGICO SERRA DA ABELHA;7;12,4999190749896;0;0,0;0;0;0;12,4999190749896;0;0;baixo
2017;PARQUE ESTADUAL DA SERRA DO TABULEIRO;1;1,3097457723211;0;0,0;1;0;0;1,3097457723211;1;1;medio
2017;PARQUE NACIONAL DA SERRA DO ITAJAÍ;1;2,4333065380558;0;0,0;0;0;0;2,4333065380558;1;1;medio
2017;PARQUE NACIONAL DA SERRA GERAL;0;0,0;0;0,0;1;0;0;0,0;1;1;medio
2017;PARQUE NACIONAL DE APARADOS DA SERRA;0;0,0;0;0,0;11;0;1;0,0;2;0;baixo
2017;PARQUE NACIONAL DE SÃO JOAQUIM;1;6,803445105504401;0;0,0;0;0;0;6,803445105504401;1;1;medio
2017;REFUGIO DE VIDA SILVESTRE MUNICIPAL MEIEMBIPE;2;2,1441105590671;0;0,0;0;0;0;2,1441105590671;1;1;medio
2017;REFÚGIO DE VIDA SILVESTRE DE ITAPEMA;1;1,2081279077689;0;0,0;0;0;0;1,2081279077689;1;1;medio
2017;RESERVA PARTICULAR DO PATRIMONIO NATURAL ESTADUAL DAS CASCATAS;1;1,9768583091857;0;0,0;0;0;0;1,9768583091857;1;1;medio
2017;RESERVA PARTICULAR DO PATRIMÔNIO NATURAL EMILIO EINSFELD FILHO;1;70,57826092650559;0;0,0;0;0;0;70,57826092650559;0;2;alto
2017;RESERVA PARTICULAR DO PATRIMÔNIO NATURAL SERRA DO LUCINDO;0;0,0;0;0,0;1;0;0;0,0;1;1;medio
2017;ÁREA DE PROTEÇÃO AMBIENTAL DA BALEIA FRANCA;3;12,6503425595164;0;0,0;1;0;1;12,6503425595164;1;1;medio
2017;ÁREA DE PROTEÇÃO AMBIENTAL DO ALTO RIO TURVO;1;1,9823957509825;0;0,0;0;0;0;1,9823957509825;1;1;medio
2017;ÁREA DE PROTEÇÃO AMBIENTAL DO RIO DOS BUGRES;3;8,0704885604507;0;0,0;0;0;0;8,0704885604507;1;1;medio
2017;ÁREA DE PROTEÇÃO AMBIENTAL DO RIO VERMELHO;5;8,3196069042652;0;0,0;0;0;0;8,3196069042652;1;1;medio
2017;ÁREA DE PROTEÇÃO AMBIENTAL SERRA DONA FRANCISCA;4;7,000078732412901;0;0,0;0;0;0;7,000078732412901;1;1;medio
2017;ÁREA DE RELEVANTE INTERESSE ECOLÓGICO SERRA DA ABELHA;7;14,6246327089362;0;0,0;0;0;0;14,6246327089362;1;1;medio
2018;MONUMENTO NATURAL MUNICIPAL DA LAGOA DO PERI;1;1,398478810777;0;0,0;0;0;0;1,398478810777;0;0;baixo
2018;PARQUE ESTADUAL DA SERRA DO TABULEIRO;13;26,7757349823343;0;0,0;0;0;0;26,7757349823343;1;2;alto
2018;PARQUE NACIONAL DA SERRA DO ITAJAÍ;3;9,1951448707622;0;0,0;0;0;0;9,1951448707622;0;0;baixo
2018;PARQUE NACIONAL DAS ARAUCÁRIAS;2;2,7721568584543;0;0,0;0;0;0;2,7721568584543;0;0;baixo
2018;PARQUE NACIONAL DE APARADOS DA SERRA;3;26,7258399074385;0;0,0;1;1;0;26,7258399074385;1;2;alto
2018;PARQUE NACIONAL DE SÃO JOAQUIM;3;5,9402811063871;0;0,0;1;0;2;5,9402811063871;0;0;baixo
2018;PARQUE NATURAL MUNICIPAL DO MORRO DA CRUZ;1;1,9925415881663;0;0,0;0;0;0;1,9925415881663;0;0;baixo
2018;PARQUE NATURAL MUNICIPAL MORRO DO BAÚ;1;2,2208189947179;0;0,0;0;0;0;2,2208189947179;0;0;baixo
2018;REFUGIO DA VIDA SILVESTRE NASCENTES DO SAI;1;1,5740410859681;0;0,0;0;0;0;1,5740410859681;0;0;baixo
2018;REFUGIO DE VIDA SILVESTRE MUNICIPAL DO MORRO DO LAMPIÃO;1;1,7423925664162;0;0,0;0;0;0;1,7423925664162;0;0;baixo
2018;REFUGIO DE VIDA SILVESTRE MUNICIPAL MEIEMBIPE;1;2,4023331217814;0;0,0;0;0;0;2,4023331217814;0;0;baixo
2018;REFÚGIO DE VIDA SILVESTRE DE ITAPEMA;3;5,5001340374048;0;0,0;0;0;0;5,5001340374048;0;0;baixo
2018;RESERVA PARTICULAR DO PATRIMÔNIO NATURAL BIO ESTAÇÃO ÁGUAS CRISTALINAS;1;5,342484107217;0;0,0;0;0;0;5,342484107217;0;0;baixo
2018;RESERVA PARTICULAR DO PATRIMÔNIO NATURAL FAZENDA BUTIA;1;3,9808866599087;0;0,0;0;0;0;3,9808866599087;0;0;baixo
2018;RESERVA PARTICULAR DO PATRIMÔNIO NATURAL PASSARIM;1;2,3747838903339;0;0,0;0;0;0;2,3747838903339;0;0;baixo
2018;ÁREA DE PROTEÇÃO AMBIENTAL ANHATOMIRIM;1;1,2456015053498;0;0,0;0;0;0;1,2456015053498;0;0;baixo
2018;ÁREA DE PROTEÇÃO AMBIENTAL DA BALEIA FRANCA;6;24,2017553080272;0;0,0;0;0;8;24,2017553080272;2;1;medio
2018;ÁREA DE PROTEÇÃO AMBIENTAL DA REPRESA ALTO RIO PRETO;8;15,8333336960293;0;0,0;1;0;0;15,8333336960293;1;2;alto
2018;ÁREA DE PROTEÇÃO AMBIENTAL DO ALTO RIO TURVO;4;6,268111178798;0;0,0;0;0;0;6,268111178798;0;0;baixo
2018;ÁREA DE PROTEÇÃO AMBIENTAL DO ENTORNO COSTEIRO;11;28,5571068391182;0;0,0;0;0;0;28,5571068391182;1;2;alto
2018;ÁREA DE PROTEÇÃO AMBIENTAL DO RIO DOS BUGRES;13;32,3791571746615;0;0,0;2;0;0;32,3791571746615;1;2;alto
2018;ÁREA DE PROTEÇÃO AMBIENTAL DO RIO VERMELHO;16;32,7618078924677;0;0,0;0;0;0;32,7618078924677;1;2;alto
2018;ÁREA DE PROTEÇÃO AMBIENTAL SERRA DONA FRANCISCA;10;55,4344671604485;0;0,0;0;0;0;55,4344671604485;1;2;alto
2018;ÁREA DE RELEVANTE INTERESSE ECOLÓGICO SERRA DA ABELHA;1;2,3742911544823;0;0,0;0;0;0;2,3742911544823;0;0;baixo
2019;FLORESTA NACIONAL DE TRÊS BARRAS;0;0,0;0;0,0;1;5;1;0,0;0;0;baixo
2019;PARQUE ESTADUAL DA SERRA DO TABULEIRO;1;1,0731092906529;0;0,0;0;0;0;1,0731092906529;0;0;baixo
2019;PARQUE NACIONAL DA SERRA DO ITAJAÍ;2;3,3415811134837;0;0,0;0;0;0;3,3415811134837;0;0;baixo
2019;PARQUE NACIONAL DA SERRA GERAL;9;20,471839695017;0;0,0;1;0;0;20,471839695017;1;2;alto
2019;PARQUE NACIONAL DAS ARAUCÁRIAS;2;3,6782757073049;0;0,0;0;0;0;3,6782757073049;0;0;baixo
2019;PARQUE NACIONAL DE APARADOS DA SERRA;2;4,5008498181201;0;0,0;2;0;8;4,5008498181201;2;1;medio
2019;PARQUE NACIONAL DE SÃO JOAQUIM;6;9,992406626280399;0;0,0;5;0;3;9,992406626280399;2;1;medio
2019;PARQUE NATURAL MUNICIPAL RIO PIÇARRAS;2;2,7173731978257;0;0,0;0;0;0;2,7173731978257;0;0;baixo
2019;REFUGIO DA VIDA SILVESTRE NASCENTES DO SAI;1;4,2229736639807;0;0,0;0;0;0;4,2229736639807;0;0;baixo
2019;REFUGIO DE VIDA SILVESTRE MUNICIPAL MEIEMBIPE;1;1,6000191446803;0;0,0;0;0;0;1,6000191446803;0;0;baixo
2019;RESERVA DE DESENVOLVIMENTO SUSTENTÁVEL DA ILHA DO MORRO DO AMARAL;1;1,2041043288222;0;0,0;0;0;0;1,2041043288222;0;0;baixo
2019;ÁREA DE PROTEÇÃO AMBIENTAL DA BALEIA FRANCA;8;19,2280802287051;1;5,0;0;1;0;24,2280802287051;1;2;alto
2019;ÁREA DE PROTEÇÃO AMBIENTAL DA REPRESA ALTO RIO PRETO;8;29,3619596909498;0;0,0;0;0;0;29,3619596909498;1;2;alto
2019;ÁREA DE PROTEÇÃO AMBIENTAL DO ALTO RIO TURVO;1;1,1281081652201;0;0,0;0;0;0;1,1281081652201;0;0;baixo
2019;ÁREA DE PROTEÇÃO AMBIENTAL DO RIO DOS BUGRES;1;1,1225132287699;0;0,0;0;0;0;1,1225132287699;0;0;baixo
2019;ÁREA DE PROTEÇÃO AMBIENTAL DO RIO VERMELHO;2;2,1286042124927;0;0,0;0;1;0;2,1286042124927;0;0;baixo
2019;ÁREA DE PROTEÇÃO AMBIENTAL SERRA DONA FRANCISCA;2;2,098428677341;2;5,23;0;0;0;7,328428677341;0;0;baixo
2020;ESTAÇÃO ECOLÓGICA DA MATA PRETA;1;2,4405648785863;0;0,0;0;0;0;2,4405648785863;0;0;baixo
2020;FLORESTA NACIONAL DE CHAPECÓ;1;1,1637622584378;0;0,0;0;0;0;1,1637622584378;0;0;baixo
2020;PARQUE ESTADUAL DA SERRA DO TABULEIRO;0;0,0;3;9,09;0;0;1;9,09;2;1;medio
2020;PARQUE ESTADUAL DO RIO VERMELHO;0;0,0;0;0,0;1;0;0;0,0;0;0;baixo
2020;PARQUE NACIONAL DA SERRA DO ITAJAÍ;1;1,6533459879967;0;0,0;0;0;2;1,6533459879967;0;0;baixo
2020;PARQUE NACIONAL DA SERRA GERAL;2;3,4065206485657;0;0,0;10;1;8;3,4065206485657;2;1;medio
2020;PARQUE NACIONAL DAS ARAUCÁRIAS;0;0,0;0;0,0;1;0;0;0,0;0;0;baixo
2020;PARQUE NACIONAL DE APARADOS DA SERRA;1;2,3553649206944;0;0,0;1;2;1;2,3553649206944;0;0;baixo
2020;PARQUE NACIONAL DE SÃO JOAQUIM;0;0,0;1;4,86;11;1;7;4,86;2;1;medio
2020;PARQUE NATURAL MUNICIPAL RIO PIÇARRAS;1;1,7485669321618;0;0,0;0;0;0;1,7485669321618;0;0;baixo
2020;REFUGIO DE VIDA SILVESTRE MUNICIPAL MEIEMBIPE;2;3,7468541285769;0;0,0;0;0;0;3,7468541285769;0;0;baixo
2020;ÁREA DE PROTEÇÃO AMBIENTAL DA BALEIA FRANCA;6;19,4605106927681;1;2,16;0;3;2;21,6205106927681;1;2;alto
2020;ÁREA DE PROTEÇÃO AMBIENTAL DA REPRESA ALTO RIO PRETO;2;17,5623484661008;0;0,0;0;1;0;17,5623484661008;1;2;alto
2020;ÁREA DE PROTEÇÃO AMBIENTAL DO ENTORNO COSTEIRO;2;6,754309929968599;0;0,0;0;0;0;6,754309929968599;0;0;baixo
2020;ÁREA DE PROTEÇÃO AMBIENTAL DO RIO DOS BUGRES;1;1,0505370488112;1;1,67;0;0;0;2,7205370488112;0;0;baixo
2020;ÁREA DE PROTEÇÃO AMBIENTAL DO RIO VERMELHO;3;4,846716009273699;0;0,0;0;0;0;4,846716009273699;0;0;baixo
2020;ÁREA DE PROTEÇÃO AMBIENTAL SERRA DONA FRANCISCA;3;3,680478551174001;0;0,0;0;0;0;3,680478551174001;0;0;baixo
2020;ÁREA DE RELEVANTE INTERESSE ECOLÓGICO SERRA DA ABELHA;1;1,1262880023488;0;0,0;0;0;0;1,1262880023488;0;0;baixo
2021;ESTAÇÃO ECOLÓGICA DA MATA PRETA;0;0,0;0;0,0;1;0;0;0,0;0;0;baixo
2021;FLORESTA NACIONAL DE TRÊS BARRAS;0;0,0;0;0,0;1;0;0;0,0;0;0;baixo
2021;PARQUE ESTADUAL ACARAI;3;7,1975364454716;0;0,0;0;0;0;7,1975364454716;0;0;baixo
2021;PARQUE ESTADUAL DA SERRA DO TABULEIRO;2;5,4814016893855;0;0,0;0;0;0;5,4814016893855;0;0;baixo
2021;PARQUE NACIONAL DA SERRA DO ITAJAÍ;2;4,0201178103384;0;0,0;0;0;0;4,0201178103384;0;0;baixo
2021;PARQUE NACIONAL DA SERRA GERAL;1;1,1443947888623;0;0,0;1;3;7;1,1443947888623;2;1;medio
2021;PARQUE NACIONAL DAS ARAUCÁRIAS;0;0,0;0;0,0;3;2;0;0,0;2;1;medio
2021;PARQUE NACIONAL DE APARADOS DA SERRA;1;2,3679097191871;0;0,0;1;0;0;2,3679097191871;0;0;baixo
2021;PARQUE NACIONAL DE SÃO JOAQUIM;1;3,0752746075203;0;0,0;8;1;1;3,0752746075203;2;1;medio
2021;REFUGIO DA VIDA SILVESTRE NASCENTES DO SAI;1;1,1318840773295;0;0,0;0;0;0;1,1318840773295;0;0;baixo
2021;RESERVA BIOLOGICA ESTADUAL DO SASSAFRAS;1;1,1057903168613;0;0,0;0;0;0;1,1057903168613;0;0;baixo
2021;ÁREA DE PROTEÇÃO AMBIENTAL DA BALEIA FRANCA;3;8,8758797408271;0;0,0;0;1;0;8,8758797408271;0;0;baixo
2021;ÁREA DE PROTEÇÃO AMBIENTAL DA REPRESA ALTO RIO PRETO;6;9,3624041627185;4;43,5;1;0;0;52,8624041627185;1;2;alto
2021;ÁREA DE PROTEÇÃO AMBIENTAL DO RIO DOS BUGRES;7;13,8181273323891;2;10,09;0;0;0;23,9081273323891;1;2;alto
2021;ÁREA DE PROTEÇÃO AMBIENTAL DO RIO VERMELHO;1;2,277153458029;0;0,0;0;0;0;2,277153458029;0;0;baixo
2021;ÁREA DE PROTEÇÃO AMBIENTAL SERRA DONA FRANCISCA;3;3,732817344195801;0;0,0;0;0;0;3,732817344195801;0;0;baixo
2021;ÁREA DE RELEVANTE INTERESSE ECOLÓGICO SERRA DA ABELHA;4;8,19848942419;0;0,0;0;0;0;8,19848942419;0;0;baixo
2022;ESTAÇÃO ECOLÓGICA DA MATA PRETA;0;0,0;2;5,0;0;0;0;5,0;0;1;medio
2022;PARQUE ESTADUAL ACARAI;1;5,2149591775243;0;0,0;0;0;0;5,2149591775243;0;1;medio
2022;PARQUE ESTADUAL DA SERRA DO TABULEIRO;0;0,0;1;0,82;0;0;0;0,82;0;1;medio
2022;PARQUE NACIONAL DA SERRA GERAL;0;0,0;0;0,0;1;0;5;0,0;0;1;medio
2022;PARQUE NACIONAL DAS ARAUCÁRIAS;0;0,0;1;17,03;0;0;0;17,03;0;1;medio
2022;PARQUE NACIONAL DE APARADOS DA SERRA;0;0,0;0;0,0;1;0;0;0,0;0;1;medio
2022;PARQUE NACIONAL DE SÃO JOAQUIM;1;1,3798157089648;0;0,0;3;0;0;1,3798157089648;2;0;baixo
2022;PARQUE NATURAL MUNICIPAL SERRA DE SÃO MIGUEL;1;7,654645113969701;0;0,0;0;0;0;7,654645113969701;0;1;medio
2022;REFUGIO DA VIDA SILVESTRE NASCENTES DO SAI;2;4,410916400522099;0;0,0;0;0;0;4,410916400522099;0;1;medio
2022;RESERVA PARTICULAR DO PATRIMÔNIO NATURAL FAZENDA ARAUCÁRIA;1;5,6208608532768;0;0,0;0;0;0;5,6208608532768;0;1;medio
2022;ÁREA DE PROTEÇÃO AMBIENTAL DA BALEIA FRANCA;8;31,7427063687299;1;0,78;0;1;0;32,5227063687299;1;2;alto
2022;ÁREA DE PROTEÇÃO AMBIENTAL DA REPRESA ALTO RIO PRETO;11;29,5973841738282;0;0,0;0;0;0;29,5973841738282;1;2;alto
2022;ÁREA DE PROTEÇÃO AMBIENTAL DO ALTO RIO TURVO;3;14,635464079432;0;0,0;0;0;0;14,635464079432;0;1;medio
2022;ÁREA DE PROTEÇÃO AMBIENTAL DO RIO DOS BUGRES;9;30,3389790358897;3;12,16;0;1;0;42,4989790358897;1;2;alto
2022;ÁREA DE PROTEÇÃO AMBIENTAL DO RIO VERMELHO;0;0,0;0;0,0;0;0;1;0,0;0;1;medio
2022;ÁREA DE PROTEÇÃO AMBIENTAL SERRA DONA FRANCISCA;2;6,3517830839945;0;0,0;0;0;0;6,3517830839945;0;1;medio
2022;ÁREA DE RELEVANTE INTERESSE ECOLÓGICO SERRA DA ABELHA;3;6,347196224837099;0;0,0;0;0;0;6,347196224837099;0;1;medio
2023;ESTAÇÃO ECOLÓGICA DA MATA PRETA;1;2,0451371554941;0;0,0;0;0;0;2,0451371554941;1;1;medio
2023;PARQUE ESTADUAL DA SERRA DO TABULEIRO;0;0,0;1;0,56;1;0;0;0,56;1;1;medio
2023;PARQUE NACIONAL DA SERRA GERAL;1;3,2505258982748;0;0,0;0;0;1;3,2505258982748;1;1;medio
2023;PARQUE NACIONAL DAS ARAUCÁRIAS;0;0,0;1;1,41;0;0;0;1,41;1;1;medio
2023;PARQUE NACIONAL DE APARADOS DA SERRA;0;0,0;0;0,0;2;2;1;0,0;2;0;baixo
2023;PARQUE NACIONAL DE SÃO JOAQUIM;0;0,0;0;0,0;0;1;1;0,0;2;0;baixo
2023;REFUGIO DA VIDA SILVESTRE NASCENTES DO SAI;1;1,6355032547712;0;0,0;0;0;0;1,6355032547712;1;1;medio
2023;RESERVA BIOLOGICA ESTADUAL DO SASSAFRAS;0;0,0;1;9,09;0;0;0;9,09;0;2;alto
2023;ÁREA DE PROTEÇÃO AMBIENTAL DA BALEIA FRANCA;1;1,2119560807079;0;0,0;1;1;1;1,2119560807079;2;0;baixo
2023;ÁREA DE PROTEÇÃO AMBIENTAL DA REPRESA ALTO RIO PRETO;1;2,5301656825771;0;0,0;0;0;0;2,5301656825771;1;1;medio
2023;ÁREA DE PROTEÇÃO AMBIENTAL DO ENTORNO COSTEIRO;1;4,0775728648543;0;0,0;0;0;0;4,0775728648543;1;1;medio
2023;ÁREA DE PROTEÇÃO AMBIENTAL DO RIO DOS BUGRES;2;3,3760241563753;0;0,0;0;0;1;3,3760241563753;1;1;medio
2023;ÁREA DE PROTEÇÃO AMBIENTAL DO RIO VERMELHO;4;6,532940102512801;0;0,0;1;0;0;6,532940102512801;1;1;medio
2023;ÁREA DE PROTEÇÃO AMBIENTAL SERRA DONA FRANCISCA;3;4,362682069896699;0;0,0;0;0;0;4,362682069896699;1;1;medio
2024;PARQUE ESTADUAL ACARAI;0;0,0;0;0,0;0;1;0;0,0;0;0;baixo
2024;PARQUE NACIONAL DA SERRA GERAL;0;0,0;0;0,0;0;0;2;0,0;0;0;baixo
2024;PARQUE NACIONAL DAS ARAUCÁRIAS;0;0,0;1;1,23;0;0;0;1,23;1;1;medio
2024;PARQUE NACIONAL DE APARADOS DA SERRA;0;0,0;0;0,0;1;0;3;0,0;0;0;baixo
2024;PARQUE NACIONAL DE SÃO JOAQUIM;0;0,0;0;0,0;2;3;4;0,0;2;2;alto
2024;ÁREA DE PROTEÇÃO AMBIENTAL DA REPRESA ALTO RIO PRETO;0;0,0;0;0,0;0;1;0;0,0;0;0;baixo
2024;ÁREA DE PROTEÇÃO AMBIENTAL DO RIO VERMELHO;0;0,0;0;0,0;1;0;0;0,0;0;0;baixo
